"","Policy","Year","total_catch","num_stocks","total_profits","mb","mf","total_biomass"
"1","Business As Usual",2050,58184624.1615665,4713,44117152452.8529,0.697558364554585,1.46240905246476,817298144.364831
"2","Business As Usual Pessimistic",2050,54553801.9307415,4713,26129229742.5161,0.471327258877562,1.68466202902581,524299047.833491
"3","Catch Share Three",2050,64092688.5322571,4713,74871453690.7922,1.31345095195932,0.656339676725599,1228020373.59247
"4","CatchShare",2050,70588417.786556,4713,79393567078.5323,1.27072659857245,0.686329694781168,1143355663.39047
"5","Fmsy",2050,73113885.1873389,4713,48459274435.481,0.915969936493415,1,822588762.402431
"6","Fmsy Three",2050,64066266.3878157,4713,58112557973.896,1.02558397997437,0.905827889874544,994415947.891969
"7","Historic",2050,62399650.86,4713,43746506998.5539,0.893457064809687,2.55895997061678,840255698.078448
