MaxNPV,SQ,CatchShare
64.2847261490071,3.198661882332,63.6788901199832
