MaxNPV,SQ,CatchShare
57.5807664344786,32.5548960776315,42.0313434847174
