MaxNPV,SQ,CatchShare
13.0231254207084,-52.590897839568,42.1178572988927
