MaxNPV,SQ,CatchShare
90.613213130154,20.424637027486,66.705569709165
