MaxNPV,SQ,CatchShare
39.5254976380064,13.3218550824917,40.5550248434712
