MaxNPV,SQ,CatchShare
82.5291790900446,70.0273703946602,62.2210667918231
