MaxNPV,SQ,CatchShare
196.609073574619,14.4000137846304,276.023618793935
