MaxNPV,SQ,CatchShare
84.1453360464321,-0.129638325407444,135.30101375589
