MaxNPV,SQ,CatchShare
32.3806615518742,6.62940425355165,32.790418340783
