MaxNPV,SQ,CatchShare
30.5115689999729,-8.53954884759982,20.5363852453388
