MaxNPV,SQ,CatchShare
3.71097109790537,-19.919121303563,3.9809648693119
