MaxNPV,SQ,CatchShare
49.961601958601,-7.90447978751866,44.0969364606921
