MaxNPV,SQ,CatchShare
192.283363467265,-23.9205642847003,254.749744772957
