MaxNPV,SQ,CatchShare
45.2830009104154,38.1502251570372,32.0474680924256
