MaxNPV,SQ,CatchShare
77.4144211479729,27.3200087197256,126.530153961336
